{"cameraMode":{"drawMode":0,"name":"Shaded","section":"Shading Mode"},"sceneLighting":true,"audioPlay":false,"sceneViewState":{"m_AlwaysRefresh":false,"showFog":true,"showSkybox":true,"showFlares":true,"showImageEffects":true,"showParticleSystems":true,"showVisualEffectGraphs":true,"m_FxEnabled":true},"in2DMode":false,"pivot":{"x":0.5427353382110596,"y":3.421388626098633,"z":5.912513256072998},"rotation":{"x":0.005204617045819759,"y":-0.9933841824531555,"z":0.10318420082330704,"w":0.05010729283094406},"size":0.20773571729660035,"orthographic":true}